{
    "enabled": true,
    "neededInstalledMods": [],
    "neededUninstalledMods": [],
    "spawns": [
        {
            "id": "shedinja-1",
            "pokemon": "shedinja",
            "presets": [
                "natural"
            ],
            "type": "pokemon",
            "context": "grounded",
            "bucket": "rare",
            "level": "20-24",
            "weight": 8.0,
            "condition": {
                "minSkyLight": 8,
                "maxSkyLight": 15,
                "biomes": [
                    "v_cobblemon:vanguard_safari_zone"
                ],
                "timeRange": "night",
                "isRaining": false
            }
        }
    ]
}