{
    "enabled": true,
    "neededInstalledMods": [],
    "neededUninstalledMods": [],
    "spawns": [
        {
            "id": "trapinch-1",
            "pokemon": "trapinch",
            "presets": [
                "natural",
                "wild"
            ],
            "type": "pokemon",
            "context": "grounded",
            "bucket": "uncommon",
            "level": "4-30",
            "weight": 7.5,
            "weightMultiplier": {
                "multiplier": 1.5,
                "condition": {
                    "isRaining": true
                }
            },
            "condition": {
                "minSkyLight": 8,
                "maxSkyLight": 15,
                "biomes": [
                    "v_cobblemon:vanguard_safari_zone"
                ]
            }
        }
    ]
}