{
    "enabled": true,
    "neededInstalledMods": [],
    "neededUninstalledMods": [],
    "spawns": [
        {
            "id": "sandygast-1",
            "pokemon": "sandygast",
            "type": "pokemon",
            "context": "grounded",
            "bucket": "common",
            "level": "7-32",
            "weight": 1.8,
            "weightMultiplier": {
                "multiplier": 1.5,
                "condition": {
                    "timeRange": "night"
                }
            },
            "condition": {
                "minSkyLight": 8,
                "maxSkyLight": 15,
                "biomes": [
                    "v_cobblemon:vanguard_safari_zone"
                ]
            }
        }
    ]
}