{
    "enabled": true,
    "neededInstalledMods": [],
    "neededUninstalledMods": [],
    "spawns": [
        {
            "id": "arrokuda-1",
            "pokemon": "arrokuda",
            "presets": [
                "water"
            ],
            "type": "pokemon",
            "context": "submerged",
            "bucket": "common",
            "level": "3-28",
            "weight": 5.4,
            "condition": {
                "canSeeSky": true,
                "biomes": [
                    "v_cobblemon:vanguard_safari_zone"
                ]
            }
        }
    ]
}